,f1-score,precision,recall,support
0,0.7780126849894293,0.8689492325855962,0.7043062200956938,1045.0
1,0.8130008904719501,0.7471358428805237,0.8916015625,1024.0
accuracy,0.7970033832769454,0.7970033832769454,0.7970033832769454,0.7970033832769454
macro avg,0.7955067877306897,0.80804253773306,0.7979538912978469,2069.0
weighted avg,0.7953292255472357,0.8086607303826023,0.7970033832769454,2069.0
